<?xml version="1.0" encoding="UTF-8"?>
<project-private xmlns="http://www.netbeans.org/ns/project-private/1">
    <editor-bookmarks xmlns="http://www.netbeans.org/ns/editor-bookmarks/2" lastBookmarkId="0"/>
    <open-files xmlns="http://www.netbeans.org/ns/projectui-open-files/2">
        <group>
            <file>file:/E:/US%20Software/ExamSystem/src/Login/javaPanel2.java</file>
            <file>file:/E:/US%20Software/ExamSystem/src/Login/htmlPanel.java</file>
            <file>file:/E:/US%20Software/ExamSystem/src/Login/phpPanel.java</file>
            <file>file:/E:/US%20Software/ExamSystem/src/Login/login.java</file>
            <file>file:/E:/US%20Software/ExamSystem/src/Login/JavaPanel.java</file>
            <file>file:/E:/US%20Software/ExamSystem/src/Login/cPanel.java</file>
            <file>file:/E:/US%20Software/ExamSystem/src/Login/ControlPanel.java</file>
            <file>file:/E:/US%20Software/ExamSystem/src/Login/RegisterFrom.java</file>
        </group>
    </open-files>
</project-private>
